[
   {
      "period": "Periode 1",
      "loanPerWorker": 50000,
      "loanWorkers": ["Sirod", "Farhan", "Vicky", "Endi", "Husen"],
      "data": [
         {
            "date": "Sabtu, 18 Oktober 2025",
            "shortDate": "18 / 10",
            "job": "Produksi",
            "type": "Karung",
            "totalProduction": 125,
            "workers": ["Sirod", "Farhan", "Vicky", "Endi", "Teja"]
         },
         {
            "date": "Senin, 20 Oktober 2025",
            "shortDate": "20 / 10",
            "job": "Produksi",
            "type": "Karung",
            "totalProduction": 133,
            "workers": ["Sirod", "Farhan", "Vicky", "Endi", "Husen"]
         },
         {
            "date": "Selasa, 21 Oktober 2025",
            "shortDate": "21 / 10",
            "job": "Muat",
            "type": "Mobil",
            "totalProduction": 1,
            "workers": ["Sirod", "Farhan", "Vicky", "Endi", "Husen"]
         },
         {
            "date": "Selasa, 21 Oktober 2025",
            "shortDate": "21 / 10",
            "job": "Produksi",
            "type": "Karung",
            "totalProduction": 103,
            "workers": ["Sirod", "Farhan", "Vicky", "Endi", "Husen"]
         },
         {
            "date": "Rabu, 22 Oktober 2025",
            "shortDate": "22 / 10",
            "job": "Produksi",
            "type": "Karung",
            "totalProduction": 78,
            "workers": ["Sirod", "Farhan", "Vicky", "Endi", "Husen"]
         },
         {
            "date": "Rabu, 22 Oktober 2025",
            "shortDate": "22 / 10",
            "job": "Muat",
            "type": "Mobil",
            "totalProduction": 1,
            "workers": ["Sirod", "Farhan", "Vicky", "Endi", "Husen"]
         },
         {
            "date": "Jumat, 24 Oktober 2025",
            "shortDate": "24 / 10",
            "job": "Bongkar",
            "type": "Mobil",
            "totalProduction": 1,
            "workers": ["Sirod", "Farhan", "Vicky"]
         }
      ]
   },
   {
      "period": "Periode 2",
      "loanPerWorker": 50000,
      "loanWorkers": ["Sirod", "Farhan", "Vicky", "Endi", "Komar", "Wahyu"],
      "data": [
         {
            "date": "Rabu, 29 Oktober 2025",
            "shortDate": "29 / 10",
            "job": "Produksi",
            "type": "Karung",
            "totalProduction": 205,
            "workers": ["Sirod", "Farhan", "Vicky", "Endi", "Komar", "Wahyu"]
         },
         {
            "date": "Kamis, 30 Oktober 2025",
            "shortDate": "30 / 10",
            "job": "Produksi",
            "type": "Karung",
            "totalProduction": 158,
            "workers": ["Sirod", "Farhan", "Vicky", "Endi", "Komar", "Wahyu"]
         },
         {
            "date": "Jumat, 31 Oktober 2025",
            "shortDate": "31 / 10",
            "job": "Produksi",
            "type": "Karung",
            "totalProduction": 100,
            "workers": ["Sirod", "Farhan", "Vicky", "Endi", "Komar", "Wahyu"]
         },
         {
            "date": "Jumat, 31 Oktober 2025",
            "shortDate": "31 / 10",
            "job": "Angkut Cacahan Lembut",
            "type": "Karung",
            "totalProduction": 156,
            "workers": ["Sirod", "Farhan", "Vicky", "Endi", "Komar", "Wahyu"]
         }
      ]
   },
   {
      "period": "Periode 3",
      "loanPerWorker": 50000,
      "loanWorkers": ["Sirod", "Farhan", "Vicky", "Endi", "Komar"],
      "data": [
        {
            "date": "Senin, 01 Desember 2025",
            "shortDate": "01 / 12",
            "job": "Produksi",
            "type": "Karung",
            "totalProduction": 87,
            "workers": ["Sirod", "Farhan", "Vicky", "Endi"]
         },
         {
            "date": "Selasa, 02 Desember 2025",
            "shortDate": "02 / 12",
            "job": "Produksi",
            "type": "Karung",
            "totalProduction": 100,
            "workers": ["Sirod", "Farhan", "Vicky", "Kurnata"]
         },
         {
            "date": "Rabu, 03 Desember 2025",
            "shortDate": "03 / 12",
            "job": "Produksi",
            "type": "Karung",
            "totalProduction": 171,
            "workers": ["Sirod", "Farhan", "Vicky", "Endi", "Kurnata"]
         },
         {
            "date": "Kamis, 04 Desember 2025",
            "shortDate": "04 / 12",
            "job": "Angkut Cacahan Lembut",
            "type": "Karung",
            "totalProduction": 259,
            "workers": ["Sirod", "Farhan", "Vicky", "Endi", "Komar", "Kurnata"]
         },
         {
            "date": "Jumat, 05 Desember 2025",
            "shortDate": "05 / 12",
            "job": "Produksi",
            "type": "Karung",
            "totalProduction": 150,
            "workers": ["Sirod", "Farhan", "Vicky", "Endi", "Komar"]
         }
      ]
   },
   {
      "period": "Periode 4",
      "loanPerWorker": 50000,
      "loanWorkers": ["Sirod", "Farhan", "Vicky", "Endi", "Komar", "Kurnata", "Manah"],
      "data": [
         {
            "date": "Jumat, 05 Desember 2025",
            "shortDate": "05 / 12",
            "job": "Produksi",
            "type": "Karung",
            "totalProduction": 50,
            "workers": ["Sirod", "Farhan", "Vicky", "Endi", "Komar"]
         },
         {
            "date": "Senin, 08 Desember 2025",
            "shortDate": "08 / 12",
            "job": "Produksi",
            "type": "Karung",
            "totalProduction": 202,
            "workers": ["Sirod", "Farhan", "Vicky", "Endi", "Komar", "Kurnata", "Manah"]
         },
         {
            "date": "Selasa, 09 Desember 2025",
            "shortDate": "09 / 12",
            "job": "Stapel Cacahan",
            "type": "Karung",
            "totalProduction": 68,
            "workers": ["Sirod", "Farhan", "Vicky", "Endi", "Komar", "Kurnata", "Manah"]
         },
         {
            "date": "Selasa, 09 Desember 2025",
            "shortDate": "09 / 12",
            "job": "Stapel COA",
            "type": "Karung",
            "totalProduction": 222,
            "workers": ["Sirod", "Farhan", "Vicky", "Endi", "Komar", "Kurnata", "Manah"]
         },
         {
            "date": "Selasa, 09 Desember 2025",
            "shortDate": "09 / 12",
            "job": "Stapel COA",
            "type": "Karung",
            "totalProduction": 480,
            "workers": ["Sirod", "Farhan", "Vicky", "Endi", "Komar", "Kurnata"]
         },
         {
            "date": "Rabu, 10 Desember 2025",
            "shortDate": "10 / 12",
            "job": "Produksi",
            "type": "Karung",
            "totalProduction": 177,
            "workers": ["Sirod", "Farhan", "Vicky", "Endi", "Komar", "Kurnata"]
         },
         {
            "date": "Kamis, 11 Desember 2025",
            "shortDate": "11 / 12",
            "job": "Produksi",
            "type": "Karung",
            "totalProduction": 185,
            "workers": ["Sirod", "Farhan", "Vicky", "Endi", "Komar", "Kurnata"]
         },
         {
            "date": "Jumat, 12 Desember 2025",
            "shortDate": "12 / 12",
            "job": "Produksi",
            "type": "Karung",
            "totalProduction": 150,
            "workers": ["Sirod", "Farhan", "Vicky", "Endi", "Komar", "Kurnata"]
         }
      ]
   }
]